ProductID,ProductName,CategoryID,SupplierID,Price,Description,DateAdded
1,Reason Group,9,17,48.89,Onto wide word then building.,2023-04-02
2,Western Notice,1,3,631.81,Commercial adult own.,2024-03-18
3,Plant Major,2,9,868.09,Food benefit building especially.,2024-04-23
4,Evening Sound,9,13,645.55,Value box on participant save figure surface.,2023-08-09
5,Skin Protect,7,5,206.08,Indicate first strong result sort mouth special.,2024-04-09
6,Us Trouble,6,15,212.61,Present human out customer thank.,2022-10-18
7,Sort Learn,8,12,284.56,Nearly continue base impact important use story.,2025-03-26
8,Behavior May,9,6,498.82,Fire because there maybe.,2025-04-15
9,Them Per,1,10,917.33,Letter arm investment drug compare security.,2022-11-03
10,Treat Owner,8,11,962.66,Data project hold section.,2024-05-25
11,Visit How,1,12,48.44,Different benefit my care where cold.,2023-07-28
12,View Standard,8,17,788.93,Since listen remain.,2023-09-23
13,Common Top,7,14,291.26,Live game else sometimes.,2022-10-02
14,American Executive,10,17,107.74,Store among low movement concern attorney special physical.,2023-03-28
15,Blue Somebody,7,15,171.45,Hot building their soldier.,2023-06-30
16,Word Easy,1,7,299.41,Already number trip media ago tend.,2023-01-12
17,Point Develop,10,6,790.62,Owner what write activity detail sign since.,2023-11-30
18,Trial Animal,5,2,633.44,Above effect discussion picture.,2024-10-29
19,Away Receive,9,16,498.07,Base together carry thus billion station.,2024-10-17
20,Simple You,3,10,181.7,Will amount recent set ready author left group.,2025-02-10
21,Us Task,7,16,655.65,Growth off central decision officer.,2023-06-03
22,Address Doctor,7,2,388.55,Later garden future significant some decide.,2023-07-14
23,Agent Girl,2,18,880.56,Memory size someone.,2024-02-05
24,More Pm,7,12,685.34,Ability compare east about green wind.,2024-12-08
25,Play Crime,9,12,540.29,Leader difficult decision time tree shoulder discussion.,2024-07-10
26,Human Recently,1,12,364.99,Itself night investment history whom police.,2024-08-04
27,May Interest,6,19,532.09,Even gas occur word.,2023-06-22
28,What So,9,14,728.39,Walk writer voice night still.,2022-08-07
29,Happy Identify,6,20,464.72,Total thousand likely store teach give available only.,2022-06-01
30,Room Idea,2,9,433.19,Public determine front feeling pattern.,2023-11-17
31,Physical Test,7,13,813.78,Significant particularly describe ahead nature control.,2022-06-24
32,Industry Great,10,5,465.04,Difficult dinner agency letter product cut investment.,2023-06-03
33,Design Outside,6,19,700.62,Green writer when toward order feeling seat inside.,2024-12-31
34,Stand Product,9,18,813.71,Issue sell bad task art son.,2024-05-24
35,Simply Into,7,13,564.37,Forward security response TV.,2022-11-29
36,Serve Share,3,16,60.28,Describe suggest garden reach career.,2023-11-16
37,Often Court,8,2,89.34,Him instead turn region never meet.,2022-06-25
38,Movie Area,2,8,903.59,Knowledge think stand realize.,2023-03-14
39,West Require,5,1,236.71,Ahead will since big style others international two.,2025-03-20
40,Television Like,2,13,888.15,Well present speech accept such you.,2025-02-11
41,Indeed Point,10,7,552.83,Me create indicate today remain list.,2025-03-15
42,Inside Compare,2,12,122.86,Be capital college much that plan.,2022-08-29
43,Finish Name,4,1,657.64,Writer wonder public.,2024-01-26
44,Project Should,6,9,912.28,Specific himself own note.,2024-01-15
45,Natural Back,9,14,126.76,Age though read source whose for.,2023-03-31
46,Sea Fill,7,5,835.13,Responsibility simply think energy.,2022-07-07
47,Evidence Happen,3,10,167.62,They Congress car ready involve just organization.,2022-09-14
48,Speak Total,4,5,341.75,Community step our.,2024-04-06
49,That Beyond,8,14,934.8,Produce color ahead what stock.,2023-05-21
50,Law Teach,9,4,793.38,Half draw line purpose assume available.,2023-04-09
51,Seat Member,2,10,718.55,Chance brother edge teacher.,2023-08-16
52,Bill Entire,9,10,794.51,Community better box send idea skin.,2023-11-09
53,Either Top,8,3,888.48,Tonight culture three.,2022-08-02
54,Measure That,4,7,644.4,Other clear course according yeah.,2024-09-29
55,Place Task,6,18,580.78,Worker record film yard.,2024-11-23
56,Life Discuss,5,20,143.67,Democrat health professional.,2022-09-10
57,Sit Effect,10,14,406.24,Carry other claim traditional interview.,2025-05-07
58,Nice Expect,10,3,148.86,Level feeling positive.,2024-06-20
59,Person Drive,3,1,116.5,Night include line executive customer want.,2024-01-26
60,Room Could,4,18,964.28,Peace reason should southern court.,2022-10-30
61,Police Every,4,20,863.86,Between out behind wonder short attorney operation.,2024-04-29
62,Into Treatment,7,4,506.03,Cost one walk go trial among attorney.,2024-01-11
63,Particular Better,3,18,903.83,Prepare some feeling ahead live light person.,2023-03-17
64,Firm Way,7,10,644.16,Benefit rather condition political on heart.,2022-10-31
65,Service Instead,1,12,759.8,Factor tax seek sing serious among investment.,2025-03-19
66,Open Cup,5,18,238.56,No nature these usually.,2022-11-30
67,Congress Third,10,11,170.68,Eight agent a certainly.,2023-09-14
68,Peace Instead,9,17,583.16,Carry sport join.,2023-02-11
69,Culture Common,4,2,346.8,Republican ten give weight.,2023-12-01
70,Her Minute,6,3,597.89,Allow second security long set.,2023-11-14
71,Theory Per,4,10,810.74,Identify anyone away current would though.,2023-04-01
72,Look Nature,2,9,778.93,Part identify national light business beautiful front indicate.,2023-06-05
73,Upon Position,4,19,926.11,Believe idea must party man.,2022-08-27
74,Military Talk,2,13,815.45,Study worry rich heart.,2024-07-09
75,Customer Onto,7,19,591.69,Camera lose reality woman reason matter.,2024-02-08
76,View That,3,3,799.0,Movement bed whom stop perhaps.,2024-06-26
77,Space Compare,9,3,251.64,Suffer game red bit already.,2025-03-07
78,Dog Very,5,18,795.54,Guy view about book.,2024-08-05
79,For Second,5,19,778.78,Unit language ball then top paper.,2024-01-17
80,Difficult Eat,5,7,449.7,Realize question country walk even help rule.,2023-05-20
81,Evening Star,10,2,449.21,During name reveal reflect watch election writer will.,2025-02-04
82,Listen Off,1,5,938.04,Truth idea oil someone show.,2023-04-06
83,Blood Leave,2,4,107.08,Support wall history appear mission feel today.,2024-03-24
84,Style Own,8,8,73.8,Success military black hair cover reason also.,2022-09-14
85,Director Republican,4,9,103.74,Congress network bag population see card.,2023-04-05
86,Not Relate,5,2,162.06,Set until discussion firm strategy cultural buy.,2024-08-13
87,Hair Inside,1,18,227.51,Account street still he pass personal.,2025-03-16
88,Collection Difficult,10,20,274.95,Song manage factor.,2024-05-27
89,Yard Interview,3,10,408.27,Matter cause strong result.,2025-05-04
90,Capital Everything,4,14,873.95,Field others as leg wear without color.,2024-05-20
91,Structure Since,10,10,333.15,Name year main south role.,2023-08-28
92,Claim No,6,8,345.87,According dream keep large remember you support.,2022-12-11
93,Kid Just,1,17,613.22,City toward enter write me carry career worry.,2023-03-28
94,Since Get,8,7,955.05,Local truth attack part.,2023-05-19
95,Hold Hit,7,11,258.34,Very true continue system such require interest.,2024-12-06
96,Office Democratic,4,17,582.55,Factor market stock heart development me factor.,2023-11-28
97,Need Yourself,6,12,737.28,Water something factor statement.,2025-05-12
98,Note Yes,1,4,113.46,Bank cold trade tough pretty good newspaper.,2022-09-24
99,May Necessary,3,8,172.54,Suddenly practice commercial raise.,2025-02-05
100,Attention Certainly,4,5,703.3,Tell body unit specific college.,2024-06-18
101,Commercial Father,3,6,603.54,Rather idea concern everybody keep pattern.,2022-08-24
102,Green Stop,10,1,803.44,Along reality cup theory TV kind.,2025-05-09
103,Able Home,9,4,593.79,See voice region find ready glass.,2023-09-18
104,Beyond Knowledge,6,9,316.87,Quickly six house owner score season ever.,2023-06-10
105,Claim Charge,10,3,472.57,Group into able wife teach.,2023-10-27
106,Reason Building,2,6,896.58,Land road black magazine.,2022-09-28
107,Dog Case,8,1,630.06,Goal account arrive guy top in game.,2024-05-21
108,Executive Leave,4,14,420.41,Trade former piece sure material.,2022-07-05
109,Everybody Raise,3,6,209.02,Well trade enjoy wait.,2025-03-22
110,Contain Anyone,9,9,707.14,Can man help upon Mrs care.,2022-08-17
111,Picture With,5,16,716.32,Responsibility argue key around dog.,2023-10-12
112,Forward Involve,2,7,131.48,Yard Congress police property then.,2022-12-17
113,Wall Themselves,6,7,84.57,Writer consumer water public school.,2024-12-17
114,Really Material,7,10,512.48,Represent rate speak.,2023-10-11
115,Man Sea,9,2,937.42,Why station page third quality not just.,2023-06-14
116,Former Let,8,11,257.94,Information newspaper something industry people serve animal.,2024-03-15
117,Read Require,10,18,274.56,System social big ready anything on use action.,2023-02-11
118,Authority Animal,4,16,588.16,Maybe office tree window sense reveal.,2023-04-03
119,Tree Such,4,17,779.63,Buy prove someone your.,2024-10-24
120,Beautiful Because,2,18,921.83,Way program history under term including notice.,2022-12-12
121,Challenge Address,10,3,188.97,Activity court skill one.,2024-08-05
122,Fly Force,3,15,946.27,Coach himself hear strategy food goal.,2024-04-07
123,Product Letter,3,9,481.03,Against benefit table newspaper.,2023-12-10
124,Matter Down,6,2,132.85,Move guy trouble.,2023-09-07
125,Pretty Country,6,17,592.7,Certain far region try next.,2025-03-05
126,Truth Experience,8,2,404.91,Low employee PM form term none expect.,2023-02-04
127,Democratic Now,8,16,135.07,Relate many modern hour cell give chair.,2023-03-17
128,Visit Chair,7,8,382.57,Until or hard goal which tough.,2023-11-20
129,Detail Rich,8,15,925.59,Here upon staff.,2025-01-03
130,Analysis Head,10,11,443.24,Position week else.,2024-01-17
131,Picture Interesting,9,7,610.96,Resource table firm dark.,2025-02-02
132,Its By,9,12,674.78,Chair should half itself nature.,2023-05-02
133,Find Debate,10,14,99.01,Pressure question size training hard.,2023-10-12
134,Congress While,8,4,848.26,Voice community establish half deep toward.,2024-01-29
135,Day Ten,4,8,315.46,Rock phone but political.,2025-01-12
136,While Especially,5,11,922.21,Talk performance moment.,2022-08-12
137,Color Indeed,4,18,540.05,Will strategy technology bill.,2024-08-06
138,Join Get,8,6,906.26,Newspaper series amount market.,2024-03-23
139,Increase Approach,6,18,323.03,Single professional by customer put use fact.,2024-07-29
140,Real This,1,7,608.26,Send message article list.,2022-08-01
141,Manager Our,5,10,923.74,Play smile need spring every perform.,2022-10-09
142,Safe Section,8,16,33.09,True drug past half.,2024-06-09
143,Type Human,2,1,567.87,Entire you find without receive clearly.,2022-11-15
144,Drop Set,8,2,670.05,National until however prepare.,2023-09-17
145,Meet Environmental,10,9,751.77,Pick region number religious rather phone different choose.,2025-03-16
146,Show Only,5,13,559.89,The Republican material act where affect maybe western.,2023-06-18
147,Brother Seem,1,13,133.79,Particularly hope street day anything employee.,2023-12-15
148,Break Per,8,19,679.19,Condition alone employee work.,2022-11-12
149,Goal Reason,1,20,240.47,Local nature foreign improve.,2024-04-17
150,Five Reduce,1,20,40.83,Writer station far.,2025-02-03
